-- INSERT
INSERT INTO kampus (id, nama, nama_singkat, akreditasi) VALUES 
(1, 'Universitas Tarumanagara', 'UNTAR', 'Unggul'),
(2, 'Universitas Indonesia', 'UI', 'Unggul'),
(3, 'Institut Teknologi Bandung', 'ITB', 'Unggul'),
(4, 'Universitas Gadjah Mada', 'UGM', 'Unggul'),
(5, 'Universitas Brawijaya', 'UB', 'Unggul'),
(6, 'Universitas Bina Nusantara', 'BINUS', 'Unggul'),
(7, 'Universitas Trisakti', 'TRISAKTI', 'Unggul');

INSERT INTO prodi (id, nama) VALUES
(1, 'Teknik Informatika'), 
(2, 'Sistem Informasi'),
(3, 'Ilmu Kedokteran Gigi'),
(4, 'Ilmu Kedokteran Gigi Dasar'),
(5, 'Ilmu Kedokteran Gigi Komunitas'),
(6, 'Matematika'),
(7, 'Filsafat'),
(8, 'Magister Filsafat'),
(9, 'Doktor Filsafat'),
(10, 'Agrobisnis Perikanan'),
(11, 'Ilmu Perikanan dan Kelautan'),
(12, 'Teknologi Hasil Perikanan'),
(13, 'Ilmu Komputer'),
(14, 'Ilmu Hukum'),
(15, 'Manajemen'),
(16, 'Ilmu Manajemen'),
(17, 'Akuntansi'),
(18, 'Profesi Akuntan'),
(19, 'Arsitektur'),
(20, 'Teknik Sipil'),
(21, 'Teknik Mesin'),
(22, 'Teknik Industri'),
(23, 'Teknik Elektro'),
(24, 'Perencanaan Wilayah dan Kota'),
(25, 'Profesi Dokter'),
(26, 'Pendidikan Dokter'),
(27, 'Psikologi'),
(28, 'Desain Komunikasi Visual'),
(29, 'Desain Interior'),
(30, 'Ilmu Komunikasi'),
(31, 'Ilmu Teknik Sipil'),
(32, 'Psikologi Profesi'),
(33, 'Pendidikan Profesi Psikologi');

INSERT INTO kp_map (id, kampus_id, prodi_id) VALUES 
(1, 1, 1), (2, 1, 2), (15, 1, 15),
(16, 1, 16), (17, 1, 17), (18, 1, 18),
(19, 1, 14), (20, 1, 19), (21, 1, 20),
(22, 1, 21), (23, 1, 22), (24, 1, 23),
(25, 1, 24), (26, 1, 25), (27, 1, 26),
(28, 1, 27), (29, 1, 28), (30, 1, 29),
(31, 1, 30), (32, 1, 31), (33, 1, 32),
(34, 1, 33),                                -- UNTAR
(3, 2, 3), (4, 2, 4), (5, 2, 5),            -- UI
(6, 3, 6),                                  -- ITB
(7, 4, 7), (8, 4, 8), (9, 4, 9),            -- UGM
(10, 5, 10), (11, 5, 11), (12, 5, 12),      -- UB
(13, 6, 13),                                -- BINUS
(14, 7, 14);                                -- TRISAKTI

INSERT INTO dosen (id, nama, kp_id) VALUES
-- UNTAR (FTI)
(1, 'Lina', 1),
(2, 'Irvan Lawenusa', 1),
(3, 'Teny Handhayani', 1),
(4, 'Jeanny Pragantha', 1),
(5, 'Janson Hendryli', 1),
(6, 'Lely Hiryanto', 1),
(7, 'Chairisni Lubis', 1),
(8, 'Viny Christanti Mawardi', 1),
(9, 'Darius Andana Haris', 1),
(10, 'Manatap Dolok Lauro', 1),
(11, 'Agus Budi Dharmawan', 1),
(12, 'RR Dyah Erny Herwindiati', 1),
(13, 'Wasino', 2),
(14, 'Zyad Rusdi', 2),
(15, 'Ery Dewayani', 2),
(16, 'Tony', 2),
(17, 'Bagus Mulyawan', 2),
(18, 'Dedi Trisnawarman', 2),
(19, 'Desi Arisandi', 2),
(20, 'Tri Sutrisno', 2),
(21, 'Jap Tji Beng', 2),
(22, 'Novario Jaya Perdana', 2),

-- UNTAR (FEB)
(23, 'Purwanto', 15),
(24, 'Yanuar', 15),
(25, 'Rodhiah', 15),
(26, 'Mimi Sa', 15),
(27, 'Rorlen', 15),
(28, 'Budi Rachmat', 15),
(29, 'Keni', 15),
(30, 'Yusbardini', 15),
(31, 'Edalmen', 15),
(32, 'Margarita Ekadjaja', 15),
(33, 'Nur Hidayah', 15),
(34, 'Yusi Yusianto', 15),
(35, 'Louis Utama', 15),
(36, 'Arifin Djakasaputra', 15),
(37, 'Yenny Lego', 15),
(38, 'Suhartono Chandra', 15),
(39, 'John Han', 15),
(40, 'Herman Tusiadi', 15),
(41, 'Mei Ie', 15),
(42, 'Zus Indrawati Pramono', 15),
(43, 'Nuryasman Mn', 15),
(44, 'Kartika Nuringsih', 15),
(45, 'Hendra Wiyanto', 15),
(46, 'Ida Puspitowati', 15),
(47, 'Rina Adi Kristianti', 15),
(48, 'Richard Andrew', 15),
(49, 'Miharni Tjokrosaputro', 15),
(50, 'Hannes Widjaja', 15),
(51, 'Carol Daniel Kadang', 15),
(52, 'Mukti Rahardjo', 15),
(54, 'Andi Wijaya', 15),
(55, 'Heru Hendrawijaya', 15),
(56, 'Sawidji Widoatmodjo', 15),
(57, 'Lydiawati Soelaiman', 15),
(58, 'Frangky Selamat', 15),
(59, 'Joyce Angelique Turangan', 15),
(60, 'Muhammad Tony Nawawi', 15),
(61, 'Stevanus Adree Cipto Setiawan', 15),
(62, 'Halim Putera Siswanto', 15),
(64, 'P Tjatoerwidya Anggarina', 15),
(65, 'Ronnie Resdianto Masman', 15),
(66, 'Agus Zainul Arifin', 15),
(67, 'Galuh Mira Saktiana', 15),
(68, 'Erick Saputra Hidayat', 15),
(69, 'Tommy Setiawan Ruslim', 15),
(70, 'Kurniati W Andani', 15),
(71, 'Ary Satria Pamungkas', 15),
(72, 'Hetty Karunia Tunjungsari', 15),
(73, 'I Gede Adi Putra', 15),
(74, 'Cokki', 16),
(75, 'Indra Widjaja', 16),
(76, 'Ignatius Roni Setyawan', 16),
(77, 'Sarwo Edy Handoyo', 16),
(78, 'Carunia Mulya Firdausy', 16),
(79, 'Nataherwin', 17),
(80, 'Johny Sudharmono', 17),
(81, 'Susanto', 17),
(82, 'Jonnardi', 17),
(83, 'Henny', 17),
(84, 'Surono Subekti', 17),
(85, 'Chelsya', 17),
(86, 'Verawati', 17),
(87, 'Grace Widjaya', 17),
(88, 'Suryani', 17),
(89, 'Sukrisno Agoes', 17),
(90, 'Ardiansyah', 17),
(91, 'Yanti', 17),
(92, 'Viriany', 17),
(93, 'Yuniarwati', 17),
(94, 'Augustpaosa', 17),
(95, 'Sufiyati', 17),
(96, 'Ngadiman', 17),
(97, 'Liana Susanto', 17),
(98, 'Hadi Cahyadi', 17),
(99, 'Agustin Ekadjaja', 17),
(100, 'Herman Ruslim', 17),
(101, 'Tony Sudirgo', 17),
(102, 'Thio Lie Sha', 17),
(103, 'Juni Simina', 17),
(104, 'Rousilita Suhendah', 17),
(105, 'Henny Wirianata', 17),
(106, 'Henryanto Wijaya', 17),
(107, 'Estralita Trisnawati', 17),
(108, 'Lukman Surjadi', 17),
(109, 'Syanti Dewi', 17),
(110, 'Nurainun Bangun', 17),
(111, 'Vidyarto Nugroho', 17),
(112, 'Khairina Natsir', 17),
(113, 'Herman S Chandra', 17),
(114, 'Emillia Sastrasasmita', 17),
(115, 'Iwan Pudjanegara', 17),
(116, 'Elsa Imelda', 17),
(117, 'Yustina Peniyanti', 17),
(118, 'Natasya Serepina Parhusip', 17),
(119, 'Linda Santioso', 17),
(120, 'Amin Wijoyo', 17),
(121, 'Herni Kurniawati', 17),
(122, 'Rosmita Rasyid', 17),
(123, 'Ishak Ramli', 17),
(124, 'Hendro Lukman', 17),
(125, 'Elizabeth Sugiarto Dermawan', 17),
(126, 'Purnamawati Helen Widjaja', 17),
(127, 'Nastasya Cindy Hidajat', 17),
(128, 'Michelle Kristian Tjhin', 17),
(129, 'Merry Susanti Ang', 17),
(130, 'I Cenik Ardana', 17),
(131, 'Then Tjhung Kwong', 17),
(132, 'Urbanus Ura Weruin', 17),
(133, 'Arief Darmawan Sukianto', 17),
(134, 'Djeni Indrajati Widjaja', 17),
(135, 'Fx Kurniawan Tjakrawala', 17),
(136, 'Fanny Magdalena K', 17),
(137, 'Rini Tri Hastuti', 17),
(138, 'Sofia Prima Dewi D', 17),
(139, 'Sriwati', 18),
(140, 'Utoyo Widayat', 18),
(141, 'Widyasari', 18),
(142, 'Ferry Adang', 18),
(143, 'Jamaludin Iskak', 18),
(144, 'Elvi Anggraeni Tjandra', 18),
(145, 'Medri Daran', 18),
(146, 'Andreas Bambang Daryatno', 18),
(147, 'Herlin Tundjung Setijaningsih', 18),
(148, 'Tjiauw Chiat Peng', 18),
(149, 'Fransiska Natalia Kosasih', 18),
(150, 'Mulati', 19), -- UNTAR (FH)
(151, 'Yenita', 19),
(152, 'Andryawan', 19),
(154, 'Lewiandy', 19),
(155, 'Ariawan', 19),
(156, 'Gunardi', 19),
(157, 'K Martono', 19),
(158, 'Yuwono Prianto', 19),
(159, 'Wilma Silalahi', 19),
(160, 'Imelda Martinelli', 19),
(161, 'Mia Hadiati', 19),
(162, 'Amad Sudiro', 19),
(164, 'Hery Firmansyah', 19),
(165, 'Refly Harun', 19),
(166, 'Ida Kurnia', 19),
(167, 'Jeane Neltje Saly D', 19),
(168, 'Rugun Romaida Hutabarat', 19),
(169, 'Abdul Gani Abdullah', 19),
(170, 'Tundjung Herning Sitabuana', 19),
(171, 'Vera Wheni Setijawati', 19),
(172, 'Rasji Sh Mh', 19),
(173, 'Christine S T Kansil', 19),
(174, 'Mella Ismelina Farma Rahayu', 19),
(175, 'Anita Dewi A Kolopaking', 19),
(176, 'Moody Rizqy Syailendra P', 19),
(177, 'Raden Mas Gatot Prasetyo Soemartono', 19),
(178, 'Dr R Rahaditya Sh Mh', 19),
(179, 'Suwardana Winata', 20), -- UNTAR (FT)
(180, 'Diah Anggraini', 20),
(181, 'Mieke Tjoandi', 20),
(182, 'Martin Halim', 20),
(183, 'Dewi Ratnaningrum', 20),
(184, 'Rudy Trisno', 20),
(185, 'Titin Fatimah', 20),
(186, 'Nafiah Solikhah', 20),
(187, 'Timmy Setiawan Tjahya', 20),
(188, 'Agustinus Sutanto', 20),
(189, 'Chin Joni', 20),
(190, 'Alvin Hadiwono', 20),
(191, 'Lina Tjahjadi Purnama', 20),
(192, 'Fermanto Lianto', 20),
(193, 'Naniek Widayati', 20),
(194, 'Sidhi Wiguna Teh', 20),
(195, 'Yunita Ardianti Sabtalistia', 20),
(196, 'Irene Syona Darmady', 20),
(197, 'Petrus Rudi Kasimun', 20),
(198, 'Siti Asjiah Riana Adicandra', 20),
(199, 'Antony Rainer Mallianto Santoso', 20),
(200, 'Agnatasya Listianti Mustaram', 20),
(201, 'Mekar Sari Suteja', 20),
(202, 'Klara Puspa Indrawati', 20),
(203, 'Sintia Dewi Wulanningrum', 20),
(204, 'Samsu Hendra Siwi', 20),
(205, 'Maria Veronica Gandha', 20),
(206, 'Laura Tri Agustin', 20),
(207, 'Priscilla Epifania Ariaji', 20),
(208, 'Adelia Andani Djarot', 20),
(209, 'Yenny Untari Liucius', 21),
(210, 'Giovanni Pranata', 21),
(211, 'Fx Supartono', 21),
(212, 'Sunarjo', 21),
(213, 'Jemy Wijaya', 21),
(214, 'Leo S Tedianto', 21),
(215, 'Chaidir Anwar Makarim', 21),
(216, 'Arianti Sutandi', 21),
(217, 'Mega Waty', 21),
(218, 'Vittorio Kurniawan', 21),
(219, 'Edison Leo', 21),
(220, 'Henny Wiyanto', 21),
(221, 'Hendy Wijaya', 21),
(222, 'Inda Sumarli', 21),
(223, 'Ignatius Harjanto', 21),
(224, 'Daniel Christianto', 21),
(225, 'Aniek Prihatiningsih', 21),
(226, 'Arif Sandjaya', 21),
(227, 'Onnyxiforus Gondokusumo', 21),
(228, 'Sudirgo Eddy Iskandar', 21),
(229, 'Gregorius Sandjaja Sentosa', 21),
(230, 'Wati Asriningsih Pranoto', 21),
(231, 'R Basuki Anondho', 21),
(232, 'Oei Fuk Jin', 21),
(233, 'Andy Prabowo Pho', 21),
(234, 'Lidwina Sri Ayu Dr Sianturi', 21),
(235, 'Ni Luh Putu Shinta Eka Setyarini', 21),
(236, 'Najid', 32),
(237, 'Hendrik Sulistio', 32),
(238, 'Prijatmadi Tjiptobroto', 32),
(239, 'Widodo Kushartomo', 32),
(240, 'Roesdiman Soegiarso', 32),
(241, 'Alfred Jonathan Susilo', 32),
(242, 'Agustinus Purna Irawan', 32),
(243, 'Leksmono Suryo Putranto', 32),
(244, 'Agus Halim', 22),
(245, 'Erwin Siahaan', 22),
(246, 'Rosehan', 22),
(247, 'Harto Tanujaya', 22),
(248, 'Abrar Riza', 22),
(249, 'Steven Darmawan', 22),
(250, 'Didi Widya Utama', 22),
(251, 'Muhammad Sobron Yamin Lubis', 22),
(252, 'Andres', 23),
(254, 'Adianto', 23),
(255, 'Khomeni Suntoso', 23),
(256, 'Ahmad', 23),
(257, 'Frans Jusuf Daywin', 23),
(258, 'Lina Gozali', 23),
(259, 'Wilson Kosasih', 23),
(260, 'Lamto Widodo', 23),
(261, 'I Wayan Sukania', 23),
(262, 'Lithrone Laricha Salomon', 23),
(264, 'Carla Olyvia Doaly', 23),
(265, 'Mohammad Agung Saryatmo', 23),
(266, 'Thomas', 24),
(267, 'Hugeng', 24),
(268, 'Didi Surian', 24),
(269, 'Suraidi', 24),
(270, 'Yohanes Calvinus', 24),
(271, 'Joni Fat', 24),
(272, 'Meirista Wulandari', 24),
(273, 'Endah Setyaningsih', 24),
(274, 'Hadian Satria Utama', 24),
(275, 'Soerjono Herlambang', 25),
(276, 'Nurahma Tresani', 25),
(277, 'Wita Permatasari', 25),
(278, 'Lana Winayanti', 25),
(279, 'Parino Rahardjo', 25),
(280, 'Rita Padawangi', 25),
(281, 'Dipo Yudhtama', 25),
(282, 'Priyendiswara Agustina', 25),
(283, 'B Irwan Wipranata', 25),
(284, 'Denny Husin', 25),
(285, 'Meyriana Kesuma', 25),
(286, 'Regina Suryadjaya', 25),
(287, 'Sylvia Wirawati T', 25),
(288, 'Wahyu Indra', 25),
(289, 'Soegiharto Alwi', 25),
(290, 'Susanti Widiastuti', 25),
(291, 'Henry Kusnadi', 25),
(292, 'Adam Madigliani Prana', 25),
(293, 'Wahyu Kusuma Astuti', 25),
(294, 'Handi Chandra Putra', 25),
(295, 'Olga Nauli Komala', 25),
(296, 'Nadia Ayu Rahma Lestari', 25),
(297, 'Tenty', 26),
(298, 'Yuwono', 26),
(299, 'Hadisono', 26),
(300, 'Erniody', 26),
(301, 'Freddy Dinata', 26),
(302, 'Endah Ronawulan', 26),
(303, 'Yulfitra Soni', 26),
(304, 'Ernawati', 26),
(305, 'Nency Martaria', 26),
(306, 'Hardianto Setiawan', 26),
(307, 'Novendy', 26),
(308, 'Herwanto', 26),
(309, 'Sjaiful Bachri', 26),
(310, 'Emilda', 26),
(311, 'Rosadi Putra', 26),
(312, 'Ity Sulawati', 26),
(313, 'Joyce Bratanata', 26),
(314, 'Ajeng Normala', 26),
(315, 'Nurlina Muchriah', 26),
(316, 'Wiyarni', 26),
(317, 'Rini Andriani', 26),
(318, 'Velma Herwanto', 26),
(319, 'Melani Rakhmi Mantu', 26),
(320, 'Irawaty Hawari', 26),
(321, 'Ooki Nico Junior', 26),
(322, 'Samuel Halim', 26),
(323, 'Christian Wijaya', 26),
(324, 'A. Bambang Darwono', 26),
(325, 'Alfianto Martin', 26),
(326, 'Rudi Hartono Purba', 26),
(327, 'Tjondro Setiawan', 26),
(328, 'Hari Sutanto', 26),
(329, 'Meriana Rasyid', 26),
(330, 'Inge Friska Widjaya', 26),
(331, 'Johan Lucas Harjono', 26),
(332, 'Novia Yudhitiara', 26),
(333, 'Mira Amaliah', 26),
(334, 'Shiera Septrisya', 26),
(335, 'David Dwi Ariwibowo', 26),
(336, 'Syamsu Rijal', 26),
(337, 'Gina Triana Sutedja', 26),
(338, 'Noer Saelan Tadjudin', 26),
(339, 'Peter Ian Limas', 26),
(340, 'Sukmawati Tansil Tan', 26),
(341, 'Paskalis Andrew Gunawan', 26),
(342, 'Radian Tunjung Baroto', 26),
(343, 'Franz J Vincentius Pangalila', 26),
(344, 'Jonas Nara Baringbing', 26),
(345, 'Andriana Kumala Dewi', 26),
(346, 'Alfred Sutrisno Sim', 26),
(347, 'Linda Julianti Wibowo', 26),
(348, 'Devi Astri Rivera Amelia', 26),
(349, 'Yonathan Adi Purnomo', 26),
(350, 'Naomi Esthernita Fauzia Dewanto', 26),
(351, 'Luh Putu Endyah Santi Maryani', 26),
(352, 'Nanda Lessi Hafni Eka Putri', 26),
(354, 'Jeffrey', 27),
(355, 'Johan', 27),
(356, 'Agus Saputra', 27),
(357, 'Frisca', 27),
(358, 'Daniel Ruslin', 27),
(359, 'Lydia', 27),
(360, 'Neni Sumarni', 27),
(361, 'Robert', 27),
(362, 'Erick', 27),
(364, 'Fia Fia', 27),
(365, 'Catharina Sagita', 27),
(366, 'Frans Ferdinal', 27),
(367, 'Freddy Ciptono', 27),
(368, 'Olivia Charissa', 27),
(369, 'Siufui Hendrawan', 27),
(370, 'Fenny Yunita', 27),
(371, 'Andria Priyana', 27),
(372, 'Mochamat Helmi', 27),
(373, 'David Limanan', 27),
(374, 'Ria Buana', 27),
(375, 'Rebekah Malik', 27),
(376, 'Yoanita Widjaja', 27),
(377, 'Twidy Tarcisia', 27),
(378, 'Clement Drew', 27),
(379, 'Julia Herdiman', 27),
(380, 'Fadil Hidayat', 27),
(381, 'Chrismerry Song', 27),
(382, 'Oentarini Tjandra', 27),
(383, 'Grace Shalmont', 27),
(384, 'Shirly Gunawan', 27),
(385, 'Triyana Sari', 27),
(386, 'Alya Dwiana', 27),
(387, 'Irene Dorthy Santoso', 27),
(388, 'Enny Irawaty', 27),
(389, 'Silviana Tirtasari', 27),
(390, 'Rahayuningsih Dharma', 27),
(391, 'Zita Atzmardina', 27),
(392, 'Arlends Chris', 27),
(393, 'Fransiska Farah', 27),
(394, 'Sony Sugiharto', 27),
(395, 'Susy Olivia', 27),
(396, 'Arwinder Singh', 27),
(397, 'Dr Kumala Dewi', 27),
(398, 'Norbert Tanto Harjadi', 27),
(399, 'Djoko Micni Mijaata', 27),
(400, 'Donatila Mano S', 27),
(401, 'Tjie Haming Setiadi', 27),
(402, 'Anastasia Ratnawati B', 27),
(403, 'Lamhot Asnir Lumbantobing', 27),
(404, 'Alexander Halim Santoso', 27),
(405, 'Octavia Dwi Wahyuni', 27),
(406, 'Dewi Indah Lestari', 27),
(407, 'Welly Hartono Ruslim', 27),
(408, 'Nicholas Albert Tambunan', 27),
(409, 'Djung Lilya Wati', 27),
(410, 'Dr Susilodinata Halim', 27),
(411, 'Dorna Yanti Lola Silaban', 27),
(412, 'Sari Mariyati Dewi Nataprawira', 27),
(413, 'Eko Kristanto Kunta Adjie', 27),
(414, 'Dr Julius Chandra Yapri M Kes', 27),
(415, 'Jessica', 28), -- UNTAR (FPsi)
(416, 'Samsunuwijati Marat', 28),
(417, 'Ninawati', 28),
(418, 'Yulius Aris Widiantoro', 28),
(419, 'Agoes Dariyo', 28),
(420, 'Bonar Hutapea', 28),
(421, 'Reza Fahlevi', 28),
(422, 'Widya Risnawaty', 28),
(423, 'Yohanes Budiarto', 28),
(424, 'Heryanti Satyadi', 28),
(425, 'Roswiyani', 28),
(426, 'Linda Wati', 28),
(427, 'Zamralita', 28),
(428, 'Willy Tasdin', 28),
(429, 'Meiske Yunithree', 28),
(430, 'Meike Kurniawati', 28),
(431, 'Roslina Verauli', 28),
(432, 'Erik Wijaya', 28),
(433, 'Untung Subroto', 28),
(434, 'Rahmah Hastuti', 28),
(435, 'Bianca Marella', 28),
(436, 'Daniel Lie', 28),
(437, 'Niken Widi Astuti', 28),
(438, 'Pamela Hendra Heng', 28),
(439, 'Santy Yanuar Pranawati', 28),
(440, 'Raja Oloan Tumanggor', 28),
(441, 'Meylisa Permata Sari', 28),
(442, 'Debora Basaria Yulianti', 28),
(443, 'Fransisca Iriani Roesmala Dewi', 28),
(444, 'P. Tommy Y. S. Suyasa', 28),
(445, 'Roswiyani', 33),
(446, 'Zamralita', 33),
(447, 'Rostiana', 33),
(448, 'Riana Sahrani', 33),
(449, 'Naomi Sutikno', 33),
(450, 'Sri Tiatri', 33),
(451, 'Monika', 34),
(452, 'Agustina', 34),
(454, 'Sandy Kartasasmita', 34),
(455, 'Denrich Suryadi', 34),
(456, 'Kiky Dwi Hapsari Saraswati', 34),
(457, 'Mariati', 29), -- UNTAR (FSRD)
(458, 'Andreas', 29),
(459, 'Ferdy Tanumihardjo', 29),
(460, 'Kurnia Setiawan', 29),
(461, 'Anny Valentina', 29),
(462, 'Edy Chandra', 29),
(464, 'Agus Danarto', 29),
(465, 'Ruby Chrissandy', 29),
(466, 'Budi Darmo', 29),
(467, 'Arief Adityawan', 29),
(468, 'Tri Hadi Wahyudi', 29),
(469, 'Toto Mujio Mukmin', 29),
(470, 'Jayanto Ginon Warjoyo', 29),
(471, 'Siti Nurannisaa Parama', 29),
(472, 'Julius Andi Nugroho', 29),
(473, 'Mariana', 30),
(474, 'Fivanda', 30),
(475, 'Hartini', 30),
(476, 'Dwi Sulistyawati', 30),
(477, 'Noeratri Andanwerti', 30),
(478, 'Adi Ismanto', 30),
(479, 'Aghastya Wiyoso', 30),
(480, 'Nikki Indah Andraini', 30),
(481, 'Heru Budi Kusuma', 30),
(482, 'Augustina Ika Widyani', 30),
(483, 'Maitri Widya Mutiara', 30),
(484, 'Sri Sulistyo Purnomo', 30),
(485, 'Anastasia Cinthya Gani', 30),
(486, 'Eddy Supriyatna Mz', 30),
(487, 'M Nashir Setiawan', 30),
(488, 'Rezi Erdiansyah', 31), -- UNTAR (FIKOM)
(489, 'Doddy Salman', 31),
(490, 'Farid Rusdi', 31),
(491, 'Kurniawan Hari Siswoko', 31),
(492, 'Yugih Setyanto', 31),
(493, 'Herlina Budiono', 31),
(494, 'Sanny Ekawati', 31),
(495, 'Lydia Irena', 31),
(496, 'Nigar Pandrianto', 31),
(497, 'Sisca Aulia', 31),
(498, 'Ahmad Junaidi', 31),
(499, 'Septia Winduwati', 31),
(500, 'Budi Utami', 31),
(501, 'Roswita Oktavianti', 31),
(502, 'Sinta Paramita', 31),
(503, 'Riris Loisa', 31),
(504, 'Zita Retno Hapsari', 31),
(505, 'Muhammad Adi Pribadi', 31),
(506, 'Suzy Suzanna Azaharie', 31),
(507, 'gregorius genep sukendro', 31),
(508, 'Diah Ayu Candraningrum', 31),
(509, 'Moehammad Gafar Yoedtadi', 31),
(510, 'Lusia Savitri Setyo Utami', 31),
(511, 'Wulan Purnama Sari Jaya Putra', 31),
(512, 'Anton Rahardjo', 3), -- UI
(513, 'Ellyza Herda', 3),
(514, 'Dewi Fatma Suniarti', 3),
(515, 'Ariadna Adisattya Djais', 3),
(516, 'Diah Ayu Maharani', 3),
(517, 'Boy Muchlis Bachtiar', 3),
(518, 'Sunarso', 4),
(519, 'Endang Winiati', 4),
(520, 'Citra Fragrantia Theodorea', 4),
(521, 'Decky Joesiana Indrani', 4),
(522, 'Yosi Kusuma Eriwati', 4),
(523, 'Sri Angky Soekanto', 4),
(524, 'Melissa Adiatman', 5),
(525, 'Febriana Setiawati', 5),
(526, 'Atik Ramadhani', 5),
(527, 'Herry Novrinda', 5),
(528, 'Armasastra Bahar', 5),
(529, 'Risqa Rina Darwita', 5),
(530, 'Ariyani', 6), -- ITB
(531, 'Irawati', 6),
(532, 'Dellavitha', 6),
(533, 'Ifronika', 6),
(534, 'Defita', 6),
(535, 'Eric', 6),
(536, 'Yusuf Hafidh', 6),
(537, 'Arnasli Yahya', 6),
(538, 'Bernadetta Br Tarigan', 6),
(539, 'Dewi Handayani', 6),
(540, 'Saladin Uttunggadewa', 6),
(541, 'Novry Erwina', 6),
(542, 'Muhammad Islahuddin', 6),
(543, 'Gantina Rachmaputri', 6),
(544, 'Warsoma Djohan', 6),
(545, 'Hendra Gunawan', 6),
(546, 'Janny Lindiarni', 6),
(547, 'Nuning Nuraini', 6),
(548, 'Hilda Assiyatun', 6),
(549, 'Afif Humam', 6),
(550, 'Erma Suwastika', 6),
(551, 'Dila Puspita', 6),
(552, 'Aleams Barra', 6),
(554, 'Elvira Kusniyanti', 6),
(555, 'Yudi Soeharyadi', 6),
(556, 'Fajar Yuliawan', 6),
(557, 'Adhe Kania', 6),
(558, 'Mochamad Apri', 6),
(559, 'Rizal Afgani', 6),
(560, 'Rudy Kusdiantara', 6),
(561, 'Aditya Purwa Santika', 6),
(562, 'R A Desidera Kooswinarsinindya', 6),
(564, 'Adilan Widyawan Mahdiyasa', 6),
(565, 'Ning Jauharotul Farida', 6),
(566, 'Muchtadi Intan Detiena', 6),
(567, 'Prama Setia Putra', 6),
(568, 'Pudji Astuti Waluyo', 6),
(569, 'Udjianna Sekteria Pasaribu', 6),
(570, 'Edy Tri Baskoro', 6),
(571, 'L Hari Wiryanto', 6),
(572, 'Denny Ivanal Hakim', 6),
(573, 'Suhadi Wido Saputro', 6),
(574, 'Yuli Sri Afrianti', 6),
(575, 'Marcus Wono Setyabudhi', 6),
(576, 'Pritta Etriana Putri', 6),
(577, 'Sri Redjeki Pudjaprasetya F', 6),
(578, 'Muhammad Ridwan Reza Nugraha', 6),
(579, 'Farid', 7), -- UGM
(580, 'Budisutrisna', 7),
(581, 'Sartini', 7),
(582, 'Taufiqurrahman', 7),
(583, 'Agus Wahyudi', 7),
(584, 'Fitri Alfariz', 7),
(585, 'Yulianingsih Riswan', 7),
(586, 'Imam Wahyudi', 7),
(587, 'Imam Wahyuddin', 7),
(588, 'Risalatul Hukmi', 7),
(589, 'Lailiy Muthmainnah', 7),
(590, 'Rizal Mustansyir', 7),
(591, 'Shoim Mardiyah', 7),
(592, 'Rona Utami', 7),
(593, 'Ngurah Weda Sahadewa', 7),
(594, 'Moch. Najib Yuliantoro', 7),
(595, 'Mustofa Anshori Lidinillah', 7),
(596, 'Dela Khoirul Ainia', 7),
(597, 'Samsul Ma''Arif M', 7),
(598, 'Rangga Kala Mahaswa', 7),
(599, 'M. Rodinal Khair Khasri', 7),
(600, 'Sri Yulita Pramulia Panani', 7),
(601, 'Abdul Rokhmat Sairah Z', 7),
(602, 'Supartiningsih', 8),
(603, 'Sindung Tjahyadi', 8),
(604, 'Arqom Kuswanjono', 8),
(605, 'Septiana Dwiputri Maharani', 8),
(606, 'Rr Siti Murtiningsih', 8),
(607, 'Lasiyo', 9),
(608, 'Mohammad Mukhtasar', 9),
(609, 'Sonjoruri Budiani Trisakti', 9),
(610, 'Hastanti Widy Nugroho', 9),
(611, 'Agus Himmawan Utomo', 9),
(612, 'Erlinda Indrayani', 10), -- UB
(613, 'Mariyana Sari', 10),
(614, 'Mochammad Fattah', 10),
(615, 'Wahyu Handayani', 10),
(616, 'Pudji Purwanti', 10),
(617, 'Edi Susilo', 10),
(618, 'Agus Dwi Sulistyono', 10),
(619, 'Riski Agung Lestariadi', 10),
(620, 'Candra Adi Intyas', 10),
(621, 'Wildan Al Farizi', 10),
(622, 'Lina Asmara Wati', 10),
(623, 'Rhochmad Wahyu Illahi', 10),
(624, 'Maftuch', 11),
(625, 'Diana Arfiati', 11),
(626, 'Ating Yuniarti', 11),
(627, 'Andi Kurniawan', 11),
(628, 'Anik Martinah Hariati', 11),
(629, 'Endang Yuli Herawati', 11),
(630, 'Hardoko', 12),
(631, 'Sukoso', 12),
(632, 'Yahya', 12),
(633, 'Dwi Setijawati', 12),
(634, 'Eddy Suprayitno', 12),
(635, 'Happy Nursyam', 12),
(636, 'Hartati Kartikaningsih', 12),
(637, 'Muhamad Firdaus', 12),
(638, 'Rahmi Nurdiani', 12),
(639, 'Bayu Kusuma', 12),
(640, 'Heder Djamaludin', 12),
(641, 'Anies Chamidah', 12),
(642, 'Eko Waluyo', 12),
(643, 'Abdul Aziz Jaziri', 12),
(644, 'Yunita Eka Puspitasari', 12),
(645, 'Asep Awaludin Prihanto', 12),
(646, 'Tian Nur Ma''Rifat', 12),
(647, 'Angga Wira Perdana', 12),
(648, 'Hefti Salis Yufidasari', 12),
(649, 'Retno Tri Astuti', 12),
(650, 'Jeny Ernawati Tambunan', 12),
(651, 'Mikchaell Alfanov Pardamean Panjaitan', 12),
(652, 'Ahmad Syihab Fahmil Qowim R M', 12),
(654, 'Widodo Budiharto', 13), -- BINUS
(655, 'Ilvico Sonata', 13),
(656, 'Yaya Heryadi', 13),
(657, 'Maria Susan Anggreainy', 13),
(658, 'Iman Herwidiana K', 13),
(659, 'Ford Lumban Gaol', 13),
(660, 'Spits Warnars Harco L H', 13),
(661, 'Wiratno', 14), -- TRISAKTI
(662, 'Subani', 14),
(664, 'Amriyati', 14),
(665, 'Setyaningsih', 14),
(666, 'Harto', 14),
(667, 'Septiyani', 14),
(668, 'Setiyono', 14),
(669, 'Jun Justinar', 14),
(670, 'Hendrikus Jahamat', 14),
(671, 'Albert Aries', 14),
(672, 'Wildani Angkasari', 14),
(673, 'Ali Rido', 14),
(674, 'Ayu Nrangwesti', 14),
(675, 'Rakhmita Desmayanti', 14),
(676, 'Andriansyah Tiawarman', 14),
(677, 'Aji Wibowo', 14),
(678, 'Andrey Sujatmoko', 14),
(679, 'Tri Sulistyowati', 14),
(680, 'Yunita Sugiastuti', 14),
(681, 'Rini Purwaningsih', 14),
(682, 'Dhany Rahmawan', 14),
(683, 'Sugeng Supartono', 14),
(684, 'Dwi Alfianto', 14),
(685, 'Rahmat Santoso', 14),
(686, 'Dian Purnamasari', 14),
(687, 'Bambang Sucondro', 14),
(688, 'Azmi Syahputra', 14),
(689, 'Andari Yurikosari', 14),
(690, 'Listyowati Sumanto', 14),
(691, 'Endang Pandamdari', 14),
(692, 'Arlina Permanasari', 14),
(693, 'Arif Wicaksana', 14),
(694, 'Simona Bustani', 14),
(695, 'Eriyantouw Wahid', 14),
(696, 'Metty Soletri', 14),
(697, 'Joseph Maheswara', 14),
(698, 'A. Uwiyono', 14),
(699, 'Ramadhana Anindyajati', 14),
(700, 'Yulia Fitriliani', 14),
(701, 'Amalia Zuhra', 14),
(702, 'Indra Krestianto', 14),
(703, 'Ferry Edwar', 14),
(704, 'Ermania Widjajanti', 14),
(705, 'Irene Mariane', 14),
(706, 'Dyah Setyorini', 14),
(707, 'Yogo Pamungkas', 14),
(708, 'Khairani Bakri', 14),
(709, 'Diny Luthfah', 14),
(710, 'Eko Primananda', 14),
(711, 'Ninuk Wijiningsih', 14),
(712, 'Anda Setiawati', 14),
(713, 'Dinda Keumala', 14),
(714, 'Rosdiana Saleh', 14),
(715, 'Marisa Iskandar', 14),
(716, 'Ning Adiasih', 14),
(717, 'Gisca Nurannisa', 14),
(718, 'Sharda Abrianti', 14),
(719, 'Elfrida Ratnawati', 14),
(720, 'Marcia Wibisono', 14),
(721, 'Siti Nurbaiti', 14),
(722, 'Muhammad Imam Nasef', 14),
(723, 'Trubus Rahardiansah Prawiraharja', 14),
(724, 'Ignatius Pradipa Probondaru', 14),
(725, 'Gandes Candra Kirana', 14),
(726, 'Abdurrachman Satrio Pratomo', 14),
(727, 'Dini Bahraini Sinulingga', 14),
(728, 'Bhatara Ibnu Reza', 14),
(729, 'Suci Lestari Halim', 14),
(730, 'Novina Sri Indiraharti', 14),
(731, 'Intan Nevia Cahyana', 14),
(732, 'Irene Eka Sihombing', 14),
(733, 'Tommy Dwi Darmo', 14),
(734, 'Sri Bakti Yunari', 14),
(735, 'Narita Aditya Ningrum', 14),
(736, 'Endyk M Asror', 14),
(737, 'Rinandu Kusumajaya Ningrum', 14),
(738, 'Laura Erika Hasibuan', 14),
(739, 'Wahyuni Retno Wulandari', 14),
(740, 'Maya Indrasti N', 14),
(741, 'Meta Indah Budhianti', 14),
(742, 'Elsi Kartika Sari', 14),
(743, 'Phillipus Mandiri Hadjon', 14),
(744, 'Adifyan Rahmat Asga', 14),
(745, 'Reni Dwi Purnomowati', 14),
(746, 'Asep Iwan Iriawan', 14),
(747, 'Andi Widiatno Hummerson', 14),
(748, 'Anna Maria Tri Anggraini', 14),
(749, 'R.R. Aline Gratika Nugrahani', 14),
(750, 'Yohanes Suhardi Ringo Ringo', 14),
(751, 'Januardo Sulung Partogi Sihombing', 14),
(752, 'I Gede Yudi Arsawan', 14),
(754, 'Masri Rumita Br Sibuea', 14),
(755, 'Vientje Ratna Multi Wijaya', 14),
(756, 'R A Pravidya Poernomo', 14),
(757, 'Sri Untari Indah Artati', 14),
(758, 'Maria Silvya Elisabeth Wangga', 14),
(759, 'Dian Adriawan Dg Tawang', 14),
(760, 'Ni Gusti Nyoman Renti M Kerti', 14);
